{"bgmVolume":0.5741099715232849,"sfxVolume":0.4132452607154846,"pushNotice":false,"noteSpeed":1.7000001668930054}