{"bgmVolume":0.5741099715232849,"sfxVolume":0.03745095431804657,"pushNotice":false,"noteSpeed":1.5000001192092896}